task_id,window,priority,workstream,task,owner_role,dependency,status,evidence,classification
SEC-0001,0-7 days,P0,Governance,"Ingest the complete security report pair, checksum it, classify findings and supersede the report's missing-internal-evidence premise.",Governance owner,None,IN_PROGRESS,"GitHub raw artifact, reconciliation, hashes, Drive archive",AUTO_APPROVED
SEC-0002,0-7 days,P0,Release control,"Reconfirm and read back publicAllowed=false, purchaseAllowed=false, releaseApproved=false and NO_GO after all updates.",Release owner,SEC-0001,CONTROLLED,Canonical register and release-readback record,CANONICAL
SEC-0003,0-7 days,P0,Business plan,"Update the master strategy, phase guide, launch gates, Wix copy pack and governance baseline with the security/privacy operating model.",Project owner,SEC-0001,IN_PROGRESS,Merged PR and Drive mirror replacements,APPROVED
SEC-0004,0-7 days,P0,Ownership,"Name security, privacy, incident, release and test-data owners and record deputies/escalation paths.",Project owner,None,PENDING_OWNER_INPUT,Signed owner map,PENDING_REVIEW
SEC-0005,0-7 days,P0,Administrative IAM,"Verify MFA/passkeys and recovery methods for Wix, GitHub, Azure, email and backend accounts.",Security owner,SEC-0004,EVIDENCE_PENDING,Sanitized settings exports/screenshots,AUTO_APPROVED
SEC-0006,0-7 days,P0,Secrets,"Inventory secrets and scan repositories, workflows, frontend/Velo, documentation, screenshots and URL patterns.",Security owner,SEC-0004,EVIDENCE_PENDING,Secret inventory and clean scan,AUTO_APPROVED
SEC-0007,0-7 days,P0,Wix public plane,"Verify collaborator roles, public form fields, no-confidential-upload warning, notification routing and tracker/cookie state.",Website/privacy owner,SEC-0004,NOT_RUN,Wix current-state evidence pack,AUTO_APPROVED
SEC-0008,0-7 days,P0,GitHub,"Verify rulesets/branch protection, CODEOWNERS, required reviews, workflow permissions, secret protection and dependency/code scanning availability.",Engineering/security owner,SEC-0004,NOT_RUN,Repository settings export and CI results,AUTO_APPROVED
SEC-0009,0-30 days,P0,Privacy operations,Create the Atlas ROPA and lane-level controller/processor role matrix.,Privacy/legal owner,SEC-0004,PLANNED,Approved ROPA and role matrix,AUTO_APPROVED
SEC-0010,0-30 days,P0,Privacy operations,"Create purpose/lawful-basis, retention/deletion, cookie/tracker and rights-request registers.",Privacy owner,SEC-0009,PLANNED,Approved registers and test cases,PENDING_REVIEW
SEC-0011,0-30 days,P0,Privacy operations,"Create DPIA screening criteria and complete screening for public site, members, consumer plans, business onboarding and Managed Secure.",Privacy owner,SEC-0009,PLANNED,Signed screenings and DPIAs where triggered,AUTO_APPROVED
SEC-0012,0-30 days,P0,Supplier governance,"Build provider/supplier register covering Wix, GitHub, Microsoft/Azure, AI providers, payment, analytics and contractors.",Supplier/privacy owner,SEC-0009,PLANNED,"Supplier assessments, DPAs, subprocessor records",AUTO_APPROVED
SEC-0013,0-30 days,P0,Transfers,Complete per-lane transfer assessment and SCC/other safeguard pack where required.,Privacy/legal owner,SEC-0012,PLANNED,TIA/SCC pack,PENDING_REVIEW
SEC-0014,0-30 days,P0,Trust content,"Implement approved security/privacy/AI transparency copy and prohibited-claims checks in the Trust, Legal, forms, Pricing and Managed Secure drafts.",Claims/website owner,SEC-0003,CONTENT_PREPARED,Bokmål/English copy pack and claims register,APPROVED
SEC-0015,0-30 days,P0,Incident response,"Create incident severity model, contact tree, evidence procedure, breach decision tree, notification templates and after-action template.",Incident/privacy owner,SEC-0004,PLANNED,Approved incident pack,AUTO_APPROVED
SEC-0016,0-30 days,P1,Business continuity,"Create backup, restore, provider outage and recovery-objective policies for current and planned systems.",Operations owner,SEC-0004,PLANNED,Policies and test schedule,PENDING_REVIEW
SEC-0017,0-30 days,P1,Customer identity,"Compare Entra External ID, Wix Members and alternatives; approve the CIAM architecture for the exact launch scope.",Architecture owner,SEC-0009,PENDING_REVIEW,"CIAM ADR, cost/feature/security assessment",PENDING_REVIEW
SEC-0018,0-30 days,P1,Secure runtime,"Approve or reject Azure as the secure runtime and define region, network, identity, logging and cost boundary.",Architecture owner,SEC-0012,PENDING_REVIEW,Cloud ADR and cost/security review,PENDING_REVIEW
SEC-0019,31-90 days,P0,Secure runtime,"Implement server-side API gateway/proxy, managed identity, Key Vault, rate/cost limits and no-frontend-key controls in a non-public test environment.",Cloud/engineering owner,"SEC-0017,SEC-0018",BLOCKED_DECISION,Test deployment and negative-path results,PENDING_REVIEW
SEC-0020,31-90 days,P0,Authorization,"Implement tenant/object authorization and run cross-tenant, wrong-role and revocation tests.",Engineering owner,SEC-0019,BLOCKED,Authorization test report,AUTO_APPROVED
SEC-0021,31-90 days,P0,AI security,"Implement provider register, prompt-injection controls, tool/egress allowlists, structured-output validation and provider kill switches.",AI security owner,SEC-0019,BLOCKED,AI security test report,AUTO_APPROVED
SEC-0022,31-90 days,P0,Secure intake,"Implement invitation-based confidential intake with quarantine, malware scanning, provenance and retention controls.",Security/engineering owner,SEC-0019,BLOCKED,Upload pipeline and malware test,AUTO_APPROVED
SEC-0023,31-90 days,P0,Logging,"Implement metadata-first centralized logging, alerts and restricted access; prohibit raw prompt/file logs by default pending approval.",Security/privacy owner,SEC-0019,BLOCKED,"Logging standard, samples and alert tests",PENDING_REVIEW
SEC-0024,31-90 days,P0,Deletion,"Implement deletion propagation across primary stores, indexes, caches and backup expiry, and test DSAR deletion.",Privacy/engineering owner,"SEC-0019,SEC-0010",BLOCKED,Deletion test report,AUTO_APPROVED
SEC-0025,31-90 days,P1,CI/CD,"Implement OIDC/managed-identity deployment, protected environments and signed/provenance-aware release records.",Engineering owner,SEC-0018,BLOCKED_DECISION,OIDC deployment and release manifest,PENDING_REVIEW
SEC-0026,3-6 months,P0,Managed Secure pilot,"Run one named pilot journey with identity, private storage, secure intake, audit, revocation, deletion, incident and restore evidence.",Managed Secure owner,SEC-0019 through SEC-0025,BLOCKED,Pilot acceptance pack,PENDING_REVIEW
SEC-0027,3-6 months,P0,Exercises,"Complete incident tabletop, provider-revocation exercise and backup/restore test.",Incident/operations owner,"SEC-0015,SEC-0016,SEC-0019",BLOCKED,Exercise minutes and restore evidence,AUTO_APPROVED
SEC-0028,3-6 months,P0,Acceptance,"Run the complete security/privacy release gate suite for member, checkout, AI routing and Managed Secure profiles.",Validation owner,"SEC-0026,SEC-0027",BLOCKED,Gate matrix and signed results,CANONICAL
SEC-0029,6-12 months,P2,Assurance,Assess ISO/IEC 27001 business case after stable operations and customer due-diligence demand; do not claim certification before award.,Project/security owner,Stable MVP operations,PENDING_REVIEW,Certification business case,PENDING_REVIEW
SEC-0030,Recurring,P1,Review,"Quarterly provider, access, claim, vulnerability, incident, retention and roadmap review with register updates.",Governance owner,Owners appointed,PLANNED,Quarterly review pack,AUTO_APPROVED
